{"ErrorDetails": null, "ErrorMessage": null, "ProcessingTimeInMilliseconds": "1572", "ParsedResults": [{"ErrorDetails": "", "ErrorMessage": "", "FileParseExitCode": 1, "ParsedText": "amazon \r\nwebservtees \r\nAccount \r\n862546057044 \r\nBill to Address. \r\nMehta \r\n153!5 Jain Society \r\nSion West \r\nMumbai , Maharashtra , \r\nAtna:on Web Services Invoice \r\nO.' to \r\nInvoieo \r\nTOTAL AMOUNT ON 3 \r\nThis invoice is for the billing period Match - Match 31 , 2017 \r\nGreetings from Amazon SeA\u2022ces, we're to With an Affil \r\nregarding your bill, individual setvico chalye details, and account ate the \r\nSummary \r\nO \r\nCharges \r\nCredits \r\nTax \u2022 \r\nTotal for this invoice \r\nDetail \r\nVAT \r\nService Provider: \r\n(Not to bo used for payment remittance) \r\nAmazon Web Services. Inc, \r\n410 Ave North \r\nThis is not a VAT or GST invoice \r\nSeattle. WA . US \r\nIf you are an Australian customer, check the attached GST statement for tho tax charge \r\ndetails \r\nPlease reference the tax invoice for a breakout of the Canadian taxes by type \r\n$003 \r\n$0 00 \r\n$0.03 \r\n$003 \r\n$003 \r\n$000 \r\n", "TextOverlay": {"Message": "Total lines: 39", "Lines": [{"MinTop": 151, "MaxHeight": 35, "Words": [{"Width": 182, "Top": 151, "WordText": "amazon", "Height": 35, "Left": 266}]}, {"MinTop": 189, "MaxHeight": 26, "Words": [{"Width": 181, "Top": 189, "WordText": "webservtees", "Height": 26, "Left": 264}]}, {"MinTop": 257, "MaxHeight": 17, "Words": [{"Width": 85, "Top": 257, "WordText": "Account", "Height": 17, "Left": 182}]}, {"MinTop": 283, "MaxHeight": 41, "Words": [{"Width": 315, "Top": 283, "WordText": "862546057044", "Height": 41, "Left": 181}]}, {"MinTop": 383, "MaxHeight": 21, "Words": [{"Width": 31, "Top": 385, "WordText": "Bill", "Height": 21, "Left": 178}, {"Width": 21, "Top": 385, "WordText": "to", "Height": 19, "Left": 219}, {"Width": 98, "Top": 383, "WordText": "Address.", "Height": 21, "Left": 249}]}, {"MinTop": 414, "MaxHeight": 23, "Words": [{"Width": 79, "Top": 414, "WordText": "Mehta", "Height": 23, "Left": 388}]}, {"MinTop": 450, "MaxHeight": 28, "Words": [{"Width": 72, "Top": 452, "WordText": "153!5", "Height": 23, "Left": 178}, {"Width": 52, "Top": 452, "WordText": "Jain", "Height": 23, "Left": 259}, {"Width": 94, "Top": 450, "WordText": "Society", "Height": 28, "Left": 320}]}, {"MinTop": 487, "MaxHeight": 24, "Words": [{"Width": 56, "Top": 488, "WordText": "Sion", "Height": 24, "Left": 174}, {"Width": 64, "Top": 487, "WordText": "West", "Height": 23, "Left": 239}]}, {"MinTop": 521, "MaxHeight": 24, "Words": [{"Width": 101, "Top": 523, "WordText": "Mumbai", "Height": 24, "Left": 175}, {"Width": 4, "Top": 541, "WordText": ",", "Height": 6, "Left": 287}, {"Width": 161, "Top": 521, "WordText": "Maharashtra", "Height": 24, "Left": 302}, {"Width": 4, "Top": 539, "WordText": ",", "Height": 7, "Left": 473}]}, {"MinTop": 196, "MaxHeight": 41, "Words": [{"Width": 178, "Top": 201, "WordText": "Atna:on", "Height": 39, "Left": 854}, {"Width": 96, "Top": 202, "WordText": "Web", "Height": 38, "Left": 1049}, {"Width": 187, "Top": 202, "WordText": "Services", "Height": 39, "Left": 1162}, {"Width": 155, "Top": 196, "WordText": "Invoice", "Height": 41, "Left": 1368}]}, {"MinTop": 259, "MaxHeight": 17, "Words": [{"Width": 18, "Top": 261, "WordText": "O.'", "Height": 14, "Left": 917}, {"Width": 20, "Top": 259, "WordText": "to", "Height": 17, "Left": 990}]}, {"MinTop": 297, "MaxHeight": 26, "Words": [{"Width": 110, "Top": 297, "WordText": "Invoieo", "Height": 26, "Left": 853}]}, {"MinTop": 432, "MaxHeight": 26, "Words": [{"Width": 94, "Top": 432, "WordText": "TOTAL", "Height": 25, "Left": 847}, {"Width": 133, "Top": 433, "WordText": "AMOUNT", "Height": 26, "Left": 951}, {"Width": 44, "Top": 434, "WordText": "ON", "Height": 25, "Left": 1166}, {"Width": 15, "Top": 433, "WordText": "3", "Height": 24, "Left": 1296}]}, {"MinTop": 674, "MaxHeight": 36, "Words": [{"Width": 66, "Top": 677, "WordText": "This", "Height": 28, "Left": 169}, {"Width": 111, "Top": 677, "WordText": "invoice", "Height": 27, "Left": 247}, {"Width": 24, "Top": 677, "WordText": "is", "Height": 27, "Left": 370}, {"Width": 43, "Top": 676, "WordText": "for", "Height": 28, "Left": 405}, {"Width": 51, "Top": 677, "WordText": "the", "Height": 27, "Left": 458}, {"Width": 92, "Top": 676, "WordText": "billing", "Height": 36, "Left": 521}, {"Width": 102, "Top": 675, "WordText": "period", "Height": 36, "Left": 627}, {"Width": 99, "Top": 674, "WordText": "Match", "Height": 30, "Left": 743}, {"Width": 11, "Top": 690, "WordText": "-", "Height": 6, "Left": 886}, {"Width": 100, "Top": 676, "WordText": "Match", "Height": 29, "Left": 911}, {"Width": 33, "Top": 678, "WordText": "31", "Height": 29, "Left": 1024}, {"Width": 6, "Top": 700, "WordText": ",", "Height": 11, "Left": 1076}, {"Width": 80, "Top": 679, "WordText": "2017", "Height": 29, "Left": 1095}]}, {"MinTop": 730, "MaxHeight": 23, "Words": [{"Width": 103, "Top": 731, "WordText": "Greetings", "Height": 23, "Left": 169}, {"Width": 48, "Top": 731, "WordText": "from", "Height": 20, "Left": 279}, {"Width": 86, "Top": 732, "WordText": "Amazon", "Height": 19, "Left": 334}, {"Width": 96, "Top": 731, "WordText": "SeA\u2022ces,", "Height": 21, "Left": 484}, {"Width": 58, "Top": 732, "WordText": "we're", "Height": 19, "Left": 590}, {"Width": 20, "Top": 732, "WordText": "to", "Height": 19, "Left": 736}, {"Width": 44, "Top": 732, "WordText": "With", "Height": 19, "Left": 899}, {"Width": 25, "Top": 737, "WordText": "an", "Height": 14, "Left": 951}, {"Width": 54, "Top": 730, "WordText": "Affil", "Height": 20, "Left": 1350}]}, {"MinTop": 761, "MaxHeight": 23, "Words": [{"Width": 101, "Top": 761, "WordText": "regarding", "Height": 22, "Left": 167}, {"Width": 47, "Top": 765, "WordText": "your", "Height": 18, "Left": 276}, {"Width": 35, "Top": 762, "WordText": "bill,", "Height": 19, "Left": 330}, {"Width": 100, "Top": 761, "WordText": "individual", "Height": 19, "Left": 374}, {"Width": 76, "Top": 762, "WordText": "setvico", "Height": 18, "Left": 482}, {"Width": 74, "Top": 762, "WordText": "chalye", "Height": 23, "Left": 565}, {"Width": 76, "Top": 762, "WordText": "details,", "Height": 18, "Left": 646}, {"Width": 40, "Top": 761, "WordText": "and", "Height": 19, "Left": 731}, {"Width": 86, "Top": 763, "WordText": "account", "Height": 17, "Left": 834}, {"Width": 33, "Top": 767, "WordText": "ate", "Height": 14, "Left": 1009}, {"Width": 32, "Top": 765, "WordText": "the", "Height": 18, "Left": 1188}]}, {"MinTop": 828, "MaxHeight": 36, "Words": [{"Width": 155, "Top": 828, "WordText": "Summary", "Height": 36, "Left": 175}]}, {"MinTop": 917, "MaxHeight": 48, "Words": [{"Width": 49, "Top": 917, "WordText": "O", "Height": 48, "Left": 93}]}, {"MinTop": 938, "MaxHeight": 25, "Words": [{"Width": 90, "Top": 938, "WordText": "Charges", "Height": 25, "Left": 233}]}, {"MinTop": 983, "MaxHeight": 21, "Words": [{"Width": 77, "Top": 983, "WordText": "Credits", "Height": 21, "Left": 232}]}, {"MinTop": 1028, "MaxHeight": 19, "Words": [{"Width": 36, "Top": 1028, "WordText": "Tax", "Height": 19, "Left": 231}, {"Width": 7, "Top": 1030, "WordText": "\u2022", "Height": 7, "Left": 275}]}, {"MinTop": 1075, "MaxHeight": 25, "Words": [{"Width": 64, "Top": 1075, "WordText": "Total", "Height": 24, "Left": 168}, {"Width": 36, "Top": 1076, "WordText": "for", "Height": 25, "Left": 242}, {"Width": 48, "Top": 1077, "WordText": "this", "Height": 23, "Left": 286}, {"Width": 93, "Top": 1077, "WordText": "invoice", "Height": 24, "Left": 344}]}, {"MinTop": 1187, "MaxHeight": 28, "Words": [{"Width": 89, "Top": 1187, "WordText": "Detail", "Height": 28, "Left": 168}]}, {"MinTop": 1340, "MaxHeight": 18, "Words": [{"Width": 42, "Top": 1340, "WordText": "VAT", "Height": 18, "Left": 223}]}, {"MinTop": 1889, "MaxHeight": 18, "Words": [{"Width": 74, "Top": 1889, "WordText": "Service", "Height": 18, "Left": 1136}, {"Width": 88, "Top": 1890, "WordText": "Provider:", "Height": 18, "Left": 1217}]}, {"MinTop": 1915, "MaxHeight": 20, "Words": [{"Width": 41, "Top": 1915, "WordText": "(Not", "Height": 19, "Left": 1135}, {"Width": 19, "Top": 1916, "WordText": "to", "Height": 15, "Left": 1183}, {"Width": 25, "Top": 1915, "WordText": "bo", "Height": 17, "Left": 1209}, {"Width": 47, "Top": 1917, "WordText": "used", "Height": 15, "Left": 1241}, {"Width": 27, "Top": 1917, "WordText": "for", "Height": 16, "Left": 1296}, {"Width": 87, "Top": 1920, "WordText": "payment", "Height": 17, "Left": 1329}, {"Width": 113, "Top": 1920, "WordText": "remittance)", "Height": 20, "Left": 1423}]}, {"MinTop": 1939, "MaxHeight": 20, "Words": [{"Width": 78, "Top": 1939, "WordText": "Amazon", "Height": 17, "Left": 1134}, {"Width": 42, "Top": 1940, "WordText": "Web", "Height": 17, "Left": 1220}, {"Width": 87, "Top": 1940, "WordText": "Services.", "Height": 20, "Left": 1269}, {"Width": 33, "Top": 1943, "WordText": "Inc,", "Height": 17, "Left": 1365}]}, {"MinTop": 1964, "MaxHeight": 17, "Words": [{"Width": 35, "Top": 1964, "WordText": "410", "Height": 17, "Left": 1134}, {"Width": 36, "Top": 1965, "WordText": "Ave", "Height": 17, "Left": 1228}, {"Width": 53, "Top": 1966, "WordText": "North", "Height": 17, "Left": 1271}]}, {"MinTop": 1984, "MaxHeight": 19, "Words": [{"Width": 45, "Top": 1985, "WordText": "This", "Height": 19, "Left": 146}, {"Width": 16, "Top": 1986, "WordText": "is", "Height": 18, "Left": 199}, {"Width": 34, "Top": 1987, "WordText": "not", "Height": 17, "Left": 223}, {"Width": 12, "Top": 1990, "WordText": "a", "Height": 14, "Left": 265}, {"Width": 42, "Top": 1985, "WordText": "VAT", "Height": 18, "Left": 284}, {"Width": 22, "Top": 1989, "WordText": "or", "Height": 15, "Left": 333}, {"Width": 49, "Top": 1984, "WordText": "GST", "Height": 19, "Left": 361}, {"Width": 76, "Top": 1984, "WordText": "invoice", "Height": 19, "Left": 416}]}, {"MinTop": 1988, "MaxHeight": 19, "Words": [{"Width": 78, "Top": 1988, "WordText": "Seattle.", "Height": 19, "Left": 1133}, {"Width": 33, "Top": 1990, "WordText": "WA", "Height": 17, "Left": 1219}, {"Width": 4, "Top": 2005, "WordText": ".", "Height": 6, "Left": 1395}, {"Width": 28, "Top": 1993, "WordText": "US", "Height": 18, "Left": 1407}]}, {"MinTop": 2013, "MaxHeight": 23, "Words": [{"Width": 13, "Top": 2014, "WordText": "If", "Height": 18, "Left": 155}, {"Width": 39, "Top": 2019, "WordText": "you", "Height": 18, "Left": 174}, {"Width": 33, "Top": 2018, "WordText": "are", "Height": 15, "Left": 221}, {"Width": 26, "Top": 2018, "WordText": "an", "Height": 14, "Left": 261}, {"Width": 107, "Top": 2013, "WordText": "Australian", "Height": 19, "Left": 294}, {"Width": 106, "Top": 2014, "WordText": "customer,", "Height": 20, "Left": 408}, {"Width": 65, "Top": 2013, "WordText": "check", "Height": 19, "Left": 522}, {"Width": 33, "Top": 2013, "WordText": "the", "Height": 19, "Left": 595}, {"Width": 95, "Top": 2014, "WordText": "attached", "Height": 18, "Left": 635}, {"Width": 47, "Top": 2013, "WordText": "GST", "Height": 20, "Left": 739}, {"Width": 107, "Top": 2016, "WordText": "statement", "Height": 18, "Left": 793}, {"Width": 28, "Top": 2014, "WordText": "for", "Height": 21, "Left": 908}, {"Width": 34, "Top": 2016, "WordText": "tho", "Height": 19, "Left": 944}, {"Width": 31, "Top": 2017, "WordText": "tax", "Height": 18, "Left": 986}, {"Width": 74, "Top": 2017, "WordText": "charge", "Height": 23, "Left": 1025}]}, {"MinTop": 2042, "MaxHeight": 19, "Words": [{"Width": 71, "Top": 2042, "WordText": "details", "Height": 19, "Left": 120}]}, {"MinTop": 2070, "MaxHeight": 24, "Words": [{"Width": 71, "Top": 2071, "WordText": "Please", "Height": 19, "Left": 161}, {"Width": 100, "Top": 2070, "WordText": "reference", "Height": 20, "Left": 240}, {"Width": 34, "Top": 2071, "WordText": "the", "Height": 18, "Left": 347}, {"Width": 32, "Top": 2072, "WordText": "tax", "Height": 17, "Left": 388}, {"Width": 75, "Top": 2070, "WordText": "invoice", "Height": 19, "Left": 429}, {"Width": 29, "Top": 2070, "WordText": "for", "Height": 19, "Left": 512}, {"Width": 12, "Top": 2075, "WordText": "a", "Height": 15, "Left": 548}, {"Width": 95, "Top": 2071, "WordText": "breakout", "Height": 19, "Left": 568}, {"Width": 21, "Top": 2070, "WordText": "of", "Height": 20, "Left": 671}, {"Width": 34, "Top": 2071, "WordText": "the", "Height": 19, "Left": 699}, {"Width": 102, "Top": 2070, "WordText": "Canadian", "Height": 21, "Left": 741}, {"Width": 57, "Top": 2074, "WordText": "taxes", "Height": 18, "Left": 851}, {"Width": 26, "Top": 2073, "WordText": "by", "Height": 24, "Left": 916}, {"Width": 47, "Top": 2074, "WordText": "type", "Height": 23, "Left": 949}]}, {"MinTop": 883, "MaxHeight": 28, "Words": [{"Width": 78, "Top": 883, "WordText": "$003", "Height": 28, "Left": 1733}]}, {"MinTop": 1029, "MaxHeight": 21, "Words": [{"Width": 27, "Top": 1029, "WordText": "$0", "Height": 21, "Left": 1743}, {"Width": 27, "Top": 1029, "WordText": "00", "Height": 19, "Left": 1778}]}, {"MinTop": 1075, "MaxHeight": 29, "Words": [{"Width": 78, "Top": 1075, "WordText": "$0.03", "Height": 29, "Left": 1725}]}, {"MinTop": 1249, "MaxHeight": 26, "Words": [{"Width": 78, "Top": 1249, "WordText": "$003", "Height": 26, "Left": 1717}]}, {"MinTop": 1301, "MaxHeight": 21, "Words": [{"Width": 62, "Top": 1301, "WordText": "$003", "Height": 21, "Left": 1731}]}, {"MinTop": 1345, "MaxHeight": 22, "Words": [{"Width": 63, "Top": 1345, "WordText": "$000", "Height": 22, "Left": 1729}]}], "HasOverlay": true}}], "OCRExitCode": 1, "IsErroredOnProcessing": false}