{"ErrorDetails": null, "ErrorMessage": null, "ProcessingTimeInMilliseconds": "2317", "ParsedResults": [{"ErrorDetails": "", "ErrorMessage": "", "FileParseExitCode": 1, "ParsedText": "Taurus Computer Systems \r\nB-308, Neelkanth Business Park \r\nVidyavihar (W), Mumbai - 400 086 \r\nPh : 25122624, 25100502 \r\nPAN : AAAFT3125H \r\nE-mail : accounts@taurusit.org \r\nBuyer \r\nFrappe Technologies Pvt. Ltd. \r\nD/324 Neelkanth Business Park, \r\nVidhyavihar West \r\nMumbai \r\nDescription of Goods \r\nRepair Charges \r\nLaptop Samsung 350V \r\n14 % \r\nINVOICE \r\nInvoice No. \r\n2017/30010 \r\nDelivery Note \r\nSupplier's Ref \r\nBuyer's Order No. \r\nDespatch Document No. \r\nDespatched through \r\nTerms of Delivery \r\nQuantity \r\n(Original) \r\nDated \r\n17-Apr-2017 \r\nModerrerms of Payment \r\nImmediate \r\nOther Reference(s) \r\nIs \r\nNil \r\nDated \r\nDated \r\nDestination \r\nAmount \r\n2,850.00 \r\n399.00 \r\n14.25 \r\n14.25 \r\n0.50 \r\n3,278.00 \r\nRate \r\nper \r\nService Tax @ 14% \r\nSwachh Bharat Cess @ 0.5% \r\nKrishi Kalyan Cess @ 0.5 % \r\nRounding Off Charges (S) \r\nTotal \r\nAmount Chargeable (in words) \r\nRs. Three Thousand Two Hundred Seventy Eight Only \r\nCompany's VAT TIN \r\n27350684818V w.ef. 0912/2008 \r\nCompany's Service Tax No. AAAFT3125HST001 \r\nDeclaration \r\nWe declare that this invoice shows the actual price of the \r\ngoods described and that all particulars are true and correct \r\nThis ts a Computer Generated Invoice \r\ns \r\ns \r\nfor Taurus C3nput \r\n", "TextOverlay": {"Message": "Total lines: 62", "Lines": [{"MinTop": 115, "MaxHeight": 29, "Words": [{"Width": 106, "Top": 117, "WordText": "Taurus", "Height": 22, "Left": 143}, {"Width": 152, "Top": 115, "WordText": "Computer", "Height": 29, "Left": 260}, {"Width": 131, "Top": 115, "WordText": "Systems", "Height": 29, "Left": 421}]}, {"MinTop": 150, "MaxHeight": 27, "Words": [{"Width": 90, "Top": 151, "WordText": "B-308,", "Height": 27, "Left": 144}, {"Width": 141, "Top": 150, "WordText": "Neelkanth", "Height": 24, "Left": 248}, {"Width": 130, "Top": 150, "WordText": "Business", "Height": 24, "Left": 401}, {"Width": 65, "Top": 151, "WordText": "Park", "Height": 23, "Left": 543}]}, {"MinTop": 185, "MaxHeight": 30, "Words": [{"Width": 149, "Top": 185, "WordText": "Vidyavihar", "Height": 30, "Left": 142}, {"Width": 58, "Top": 185, "WordText": "(W),", "Height": 29, "Left": 300}, {"Width": 113, "Top": 185, "WordText": "Mumbai", "Height": 23, "Left": 372}, {"Width": 10, "Top": 198, "WordText": "-", "Height": 4, "Left": 496}, {"Width": 54, "Top": 185, "WordText": "400", "Height": 24, "Left": 515}, {"Width": 53, "Top": 185, "WordText": "086", "Height": 24, "Left": 580}]}, {"MinTop": 219, "MaxHeight": 27, "Words": [{"Width": 36, "Top": 220, "WordText": "Ph", "Height": 23, "Left": 143}, {"Width": 3, "Top": 226, "WordText": ":", "Height": 17, "Left": 192}, {"Width": 148, "Top": 220, "WordText": "25122624,", "Height": 27, "Left": 208}, {"Width": 142, "Top": 219, "WordText": "25100502", "Height": 24, "Left": 368}]}, {"MinTop": 254, "MaxHeight": 24, "Words": [{"Width": 62, "Top": 254, "WordText": "PAN", "Height": 24, "Left": 143}, {"Width": 4, "Top": 261, "WordText": ":", "Height": 17, "Left": 218}, {"Width": 197, "Top": 254, "WordText": "AAAFT3125H", "Height": 24, "Left": 234}]}, {"MinTop": 289, "MaxHeight": 28, "Words": [{"Width": 81, "Top": 289, "WordText": "E-mail", "Height": 22, "Left": 142}, {"Width": 3, "Top": 295, "WordText": ":", "Height": 15, "Left": 235}, {"Width": 294, "Top": 289, "WordText": "accounts@taurusit.org", "Height": 28, "Left": 249}]}, {"MinTop": 354, "MaxHeight": 27, "Words": [{"Width": 71, "Top": 354, "WordText": "Buyer", "Height": 27, "Left": 142}]}, {"MinTop": 394, "MaxHeight": 31, "Words": [{"Width": 105, "Top": 395, "WordText": "Frappe", "Height": 29, "Left": 142}, {"Width": 207, "Top": 394, "WordText": "Technologies", "Height": 31, "Left": 258}, {"Width": 58, "Top": 395, "WordText": "Pvt.", "Height": 24, "Left": 477}, {"Width": 58, "Top": 396, "WordText": "Ltd.", "Height": 24, "Left": 546}]}, {"MinTop": 430, "MaxHeight": 28, "Words": [{"Width": 82, "Top": 430, "WordText": "D/324", "Height": 24, "Left": 143}, {"Width": 141, "Top": 430, "WordText": "Neelkanth", "Height": 24, "Left": 238}, {"Width": 129, "Top": 431, "WordText": "Business", "Height": 24, "Left": 392}, {"Width": 72, "Top": 431, "WordText": "Park,", "Height": 28, "Left": 533}]}, {"MinTop": 465, "MaxHeight": 30, "Words": [{"Width": 168, "Top": 465, "WordText": "Vidhyavihar", "Height": 30, "Left": 140}, {"Width": 75, "Top": 466, "WordText": "West", "Height": 23, "Left": 317}]}, {"MinTop": 500, "MaxHeight": 24, "Words": [{"Width": 112, "Top": 500, "WordText": "Mumbai", "Height": 24, "Left": 143}]}, {"MinTop": 833, "MaxHeight": 27, "Words": [{"Width": 146, "Top": 833, "WordText": "Description", "Height": 27, "Left": 466}, {"Width": 25, "Top": 834, "WordText": "of", "Height": 21, "Left": 622}, {"Width": 86, "Top": 834, "WordText": "Goods", "Height": 22, "Left": 655}]}, {"MinTop": 912, "MaxHeight": 30, "Words": [{"Width": 100, "Top": 912, "WordText": "Repair", "Height": 30, "Left": 141}, {"Width": 127, "Top": 913, "WordText": "Charges", "Height": 30, "Left": 251}]}, {"MinTop": 948, "MaxHeight": 27, "Words": [{"Width": 89, "Top": 948, "WordText": "Laptop", "Height": 26, "Left": 175}, {"Width": 122, "Top": 948, "WordText": "Samsung", "Height": 27, "Left": 275}, {"Width": 69, "Top": 949, "WordText": "350V", "Height": 22, "Left": 407}]}, {"MinTop": 1054, "MaxHeight": 23, "Words": [{"Width": 31, "Top": 1054, "WordText": "14", "Height": 22, "Left": 1375}, {"Width": 25, "Top": 1054, "WordText": "%", "Height": 23, "Left": 1426}]}, {"MinTop": 64, "MaxHeight": 28, "Words": [{"Width": 157, "Top": 64, "WordText": "INVOICE", "Height": 28, "Left": 845}]}, {"MinTop": 104, "MaxHeight": 21, "Words": [{"Width": 90, "Top": 105, "WordText": "Invoice", "Height": 21, "Left": 948}, {"Width": 43, "Top": 104, "WordText": "No.", "Height": 21, "Left": 1048}]}, {"MinTop": 147, "MaxHeight": 24, "Words": [{"Width": 181, "Top": 147, "WordText": "2017/30010", "Height": 24, "Left": 946}]}, {"MinTop": 183, "MaxHeight": 27, "Words": [{"Width": 104, "Top": 183, "WordText": "Delivery", "Height": 27, "Left": 947}, {"Width": 60, "Top": 183, "WordText": "Note", "Height": 20, "Left": 1061}]}, {"MinTop": 256, "MaxHeight": 33, "Words": [{"Width": 127, "Top": 256, "WordText": "Supplier's", "Height": 33, "Left": 946}, {"Width": 50, "Top": 260, "WordText": "Ref", "Height": 22, "Left": 1083}]}, {"MinTop": 340, "MaxHeight": 27, "Words": [{"Width": 94, "Top": 341, "WordText": "Buyer's", "Height": 27, "Left": 947}, {"Width": 74, "Top": 340, "WordText": "Order", "Height": 22, "Left": 1051}, {"Width": 43, "Top": 340, "WordText": "No.", "Height": 21, "Left": 1134}]}, {"MinTop": 419, "MaxHeight": 26, "Words": [{"Width": 113, "Top": 421, "WordText": "Despatch", "Height": 26, "Left": 946}, {"Width": 124, "Top": 420, "WordText": "Document", "Height": 21, "Left": 1069}, {"Width": 40, "Top": 419, "WordText": "No.", "Height": 21, "Left": 1202}]}, {"MinTop": 499, "MaxHeight": 27, "Words": [{"Width": 143, "Top": 500, "WordText": "Despatched", "Height": 27, "Left": 946}, {"Width": 92, "Top": 499, "WordText": "through", "Height": 27, "Left": 1098}]}, {"MinTop": 581, "MaxHeight": 26, "Words": [{"Width": 77, "Top": 582, "WordText": "Terms", "Height": 21, "Left": 944}, {"Width": 24, "Top": 581, "WordText": "of", "Height": 22, "Left": 1029}, {"Width": 97, "Top": 581, "WordText": "Delivery", "Height": 26, "Left": 1061}]}, {"MinTop": 835, "MaxHeight": 26, "Words": [{"Width": 108, "Top": 835, "WordText": "Quantity", "Height": 26, "Left": 1116}]}, {"MinTop": 64, "MaxHeight": 26, "Words": [{"Width": 118, "Top": 64, "WordText": "(Original)", "Height": 26, "Left": 1595}]}, {"MinTop": 104, "MaxHeight": 22, "Words": [{"Width": 77, "Top": 104, "WordText": "Dated", "Height": 22, "Left": 1346}]}, {"MinTop": 147, "MaxHeight": 31, "Words": [{"Width": 183, "Top": 147, "WordText": "17-Apr-2017", "Height": 31, "Left": 1346}]}, {"MinTop": 182, "MaxHeight": 28, "Words": [{"Width": 164, "Top": 182, "WordText": "Moderrerms", "Height": 23, "Left": 1345}, {"Width": 26, "Top": 184, "WordText": "of", "Height": 22, "Left": 1518}, {"Width": 114, "Top": 184, "WordText": "Payment", "Height": 28, "Left": 1552}]}, {"MinTop": 225, "MaxHeight": 25, "Words": [{"Width": 159, "Top": 225, "WordText": "Immediate", "Height": 25, "Left": 1346}]}, {"MinTop": 260, "MaxHeight": 29, "Words": [{"Width": 74, "Top": 260, "WordText": "Other", "Height": 23, "Left": 1345}, {"Width": 169, "Top": 261, "WordText": "Reference(s)", "Height": 29, "Left": 1428}]}, {"MinTop": 48, "MaxHeight": 60, "Words": [{"Width": 87, "Top": 48, "WordText": "Is", "Height": 60, "Left": 1768}]}, {"MinTop": 304, "MaxHeight": 24, "Words": [{"Width": 40, "Top": 304, "WordText": "Nil", "Height": 24, "Left": 1345}]}, {"MinTop": 340, "MaxHeight": 21, "Words": [{"Width": 72, "Top": 340, "WordText": "Dated", "Height": 21, "Left": 1345}]}, {"MinTop": 419, "MaxHeight": 21, "Words": [{"Width": 72, "Top": 419, "WordText": "Dated", "Height": 21, "Left": 1344}]}, {"MinTop": 498, "MaxHeight": 22, "Words": [{"Width": 137, "Top": 498, "WordText": "Destination", "Height": 22, "Left": 1343}]}, {"MinTop": 834, "MaxHeight": 21, "Words": [{"Width": 103, "Top": 834, "WordText": "Amount", "Height": 21, "Left": 1557}]}, {"MinTop": 915, "MaxHeight": 29, "Words": [{"Width": 125, "Top": 915, "WordText": "2,850.00", "Height": 29, "Left": 1593}]}, {"MinTop": 1054, "MaxHeight": 24, "Words": [{"Width": 99, "Top": 1054, "WordText": "399.00", "Height": 24, "Left": 1618}]}, {"MinTop": 1091, "MaxHeight": 23, "Words": [{"Width": 80, "Top": 1091, "WordText": "14.25", "Height": 23, "Left": 1637}]}, {"MinTop": 1127, "MaxHeight": 24, "Words": [{"Width": 79, "Top": 1127, "WordText": "14.25", "Height": 24, "Left": 1637}]}, {"MinTop": 1165, "MaxHeight": 23, "Words": [{"Width": 61, "Top": 1165, "WordText": "0.50", "Height": 23, "Left": 1654}]}, {"MinTop": 1529, "MaxHeight": 32, "Words": [{"Width": 151, "Top": 1529, "WordText": "3,278.00", "Height": 32, "Left": 1562}]}, {"MinTop": 834, "MaxHeight": 21, "Words": [{"Width": 61, "Top": 834, "WordText": "Rate", "Height": 21, "Left": 1305}]}, {"MinTop": 839, "MaxHeight": 22, "Words": [{"Width": 43, "Top": 839, "WordText": "per", "Height": 22, "Left": 1433}]}, {"MinTop": 1053, "MaxHeight": 30, "Words": [{"Width": 112, "Top": 1053, "WordText": "Service", "Height": 24, "Left": 790}, {"Width": 52, "Top": 1054, "WordText": "Tax", "Height": 24, "Left": 914}, {"Width": 30, "Top": 1054, "WordText": "@", "Height": 30, "Left": 976}, {"Width": 60, "Top": 1054, "WordText": "14%", "Height": 23, "Left": 1018}]}, {"MinTop": 1089, "MaxHeight": 29, "Words": [{"Width": 120, "Top": 1089, "WordText": "Swachh", "Height": 24, "Left": 640}, {"Width": 103, "Top": 1090, "WordText": "Bharat", "Height": 24, "Left": 771}, {"Width": 73, "Top": 1090, "WordText": "Cess", "Height": 24, "Left": 883}, {"Width": 30, "Top": 1091, "WordText": "@", "Height": 29, "Left": 967}, {"Width": 71, "Top": 1091, "WordText": "0.5%", "Height": 23, "Left": 1007}]}, {"MinTop": 1126, "MaxHeight": 29, "Words": [{"Width": 92, "Top": 1126, "WordText": "Krishi", "Height": 24, "Left": 658}, {"Width": 104, "Top": 1127, "WordText": "Kalyan", "Height": 29, "Left": 758}, {"Width": 73, "Top": 1127, "WordText": "Cess", "Height": 24, "Left": 874}, {"Width": 30, "Top": 1127, "WordText": "@", "Height": 29, "Left": 958}, {"Width": 44, "Top": 1127, "WordText": "0.5", "Height": 23, "Left": 998}, {"Width": 26, "Top": 1127, "WordText": "%", "Height": 24, "Left": 1052}]}, {"MinTop": 1163, "MaxHeight": 30, "Words": [{"Width": 151, "Top": 1163, "WordText": "Rounding", "Height": 29, "Left": 685}, {"Width": 48, "Top": 1163, "WordText": "Off", "Height": 24, "Left": 846}, {"Width": 125, "Top": 1163, "WordText": "Charges", "Height": 30, "Left": 901}, {"Width": 41, "Top": 1163, "WordText": "(S)", "Height": 29, "Left": 1037}]}, {"MinTop": 1523, "MaxHeight": 21, "Words": [{"Width": 63, "Top": 1523, "WordText": "Total", "Height": 21, "Left": 1011}]}, {"MinTop": 1567, "MaxHeight": 27, "Words": [{"Width": 97, "Top": 1568, "WordText": "Amount", "Height": 21, "Left": 134}, {"Width": 142, "Top": 1567, "WordText": "Chargeable", "Height": 27, "Left": 240}, {"Width": 28, "Top": 1567, "WordText": "(in", "Height": 26, "Left": 393}, {"Width": 81, "Top": 1567, "WordText": "words)", "Height": 26, "Left": 430}]}, {"MinTop": 1607, "MaxHeight": 27, "Words": [{"Width": 42, "Top": 1609, "WordText": "Rs.", "Height": 21, "Left": 136}, {"Width": 79, "Top": 1608, "WordText": "Three", "Height": 22, "Left": 189}, {"Width": 139, "Top": 1608, "WordText": "Thousand", "Height": 22, "Left": 278}, {"Width": 58, "Top": 1608, "WordText": "Two", "Height": 21, "Left": 427}, {"Width": 118, "Top": 1607, "WordText": "Hundred", "Height": 22, "Left": 497}, {"Width": 110, "Top": 1607, "WordText": "Seventy", "Height": 27, "Left": 625}, {"Width": 72, "Top": 1607, "WordText": "Eight", "Height": 27, "Left": 745}, {"Width": 62, "Top": 1607, "WordText": "Only", "Height": 27, "Left": 825}]}, {"MinTop": 1993, "MaxHeight": 28, "Words": [{"Width": 138, "Top": 1994, "WordText": "Company's", "Height": 28, "Left": 130}, {"Width": 54, "Top": 1993, "WordText": "VAT", "Height": 23, "Left": 278}, {"Width": 43, "Top": 1994, "WordText": "TIN", "Height": 22, "Left": 341}]}, {"MinTop": 1993, "MaxHeight": 24, "Words": [{"Width": 191, "Top": 1993, "WordText": "27350684818V", "Height": 24, "Left": 500}, {"Width": 68, "Top": 1993, "WordText": "w.ef.", "Height": 22, "Left": 698}, {"Width": 136, "Top": 1993, "WordText": "0912/2008", "Height": 22, "Left": 775}]}, {"MinTop": 2027, "MaxHeight": 29, "Words": [{"Width": 131, "Top": 2028, "WordText": "Company's", "Height": 29, "Left": 129}, {"Width": 87, "Top": 2028, "WordText": "Service", "Height": 23, "Left": 270}, {"Width": 42, "Top": 2028, "WordText": "Tax", "Height": 23, "Left": 367}, {"Width": 39, "Top": 2028, "WordText": "No.", "Height": 22, "Left": 419}, {"Width": 272, "Top": 2027, "WordText": "AAAFT3125HST001", "Height": 24, "Left": 499}]}, {"MinTop": 2063, "MaxHeight": 22, "Words": [{"Width": 136, "Top": 2063, "WordText": "Declaration", "Height": 22, "Left": 129}]}, {"MinTop": 2093, "MaxHeight": 26, "Words": [{"Width": 44, "Top": 2096, "WordText": "We", "Height": 21, "Left": 127}, {"Width": 95, "Top": 2096, "WordText": "declare", "Height": 22, "Left": 180}, {"Width": 48, "Top": 2096, "WordText": "that", "Height": 21, "Left": 285}, {"Width": 45, "Top": 2096, "WordText": "this", "Height": 21, "Left": 342}, {"Width": 91, "Top": 2096, "WordText": "invoice", "Height": 21, "Left": 397}, {"Width": 83, "Top": 2096, "WordText": "shows", "Height": 21, "Left": 498}, {"Width": 41, "Top": 2094, "WordText": "the", "Height": 22, "Left": 590}, {"Width": 79, "Top": 2094, "WordText": "actual", "Height": 21, "Left": 641}, {"Width": 63, "Top": 2094, "WordText": "price", "Height": 26, "Left": 730}, {"Width": 26, "Top": 2093, "WordText": "of", "Height": 22, "Left": 801}, {"Width": 40, "Top": 2094, "WordText": "the", "Height": 21, "Left": 835}]}, {"MinTop": 2127, "MaxHeight": 27, "Words": [{"Width": 78, "Top": 2128, "WordText": "goods", "Height": 27, "Left": 126}, {"Width": 125, "Top": 2128, "WordText": "described", "Height": 22, "Left": 213}, {"Width": 48, "Top": 2129, "WordText": "and", "Height": 21, "Left": 348}, {"Width": 48, "Top": 2128, "WordText": "that", "Height": 21, "Left": 405}, {"Width": 28, "Top": 2128, "WordText": "all", "Height": 21, "Left": 463}, {"Width": 136, "Top": 2127, "WordText": "particulars", "Height": 27, "Left": 501}, {"Width": 41, "Top": 2131, "WordText": "are", "Height": 17, "Left": 647}, {"Width": 50, "Top": 2127, "WordText": "true", "Height": 21, "Left": 698}, {"Width": 48, "Top": 2127, "WordText": "and", "Height": 20, "Left": 757}, {"Width": 89, "Top": 2128, "WordText": "correct", "Height": 20, "Left": 814}]}, {"MinTop": 2212, "MaxHeight": 28, "Words": [{"Width": 55, "Top": 2213, "WordText": "This", "Height": 22, "Left": 661}, {"Width": 20, "Top": 2218, "WordText": "ts", "Height": 17, "Left": 726}, {"Width": 16, "Top": 2218, "WordText": "a", "Height": 17, "Left": 755}, {"Width": 129, "Top": 2212, "WordText": "Computer", "Height": 28, "Left": 780}, {"Width": 138, "Top": 2213, "WordText": "Generated", "Height": 23, "Left": 918}, {"Width": 92, "Top": 2215, "WordText": "Invoice", "Height": 22, "Left": 1066}]}, {"MinTop": 2069, "MaxHeight": 22, "Words": [{"Width": 17, "Top": 2069, "WordText": "s", "Height": 22, "Left": 1603}]}, {"MinTop": 2076, "MaxHeight": 17, "Words": [{"Width": 14, "Top": 2076, "WordText": "s", "Height": 17, "Left": 1701}]}, {"MinTop": 2062, "MaxHeight": 34, "Words": [{"Width": 39, "Top": 2066, "WordText": "for", "Height": 23, "Left": 1315}, {"Width": 97, "Top": 2067, "WordText": "Taurus", "Height": 23, "Left": 1361}, {"Width": 104, "Top": 2062, "WordText": "C3nput", "Height": 34, "Left": 1464}]}], "HasOverlay": true}}], "OCRExitCode": 1, "IsErroredOnProcessing": false}